-- MySQL dump 10.13  Distrib 8.0.36, for Linux (x86_64)
--
-- Host: localhost    Database: sistemas2
-- ------------------------------------------------------
-- Server version	8.0.36-0ubuntu0.20.04.1

/*!40101 SET @OLD_CHARACTER_SET_CLIENT=@@CHARACTER_SET_CLIENT */;
/*!40101 SET @OLD_CHARACTER_SET_RESULTS=@@CHARACTER_SET_RESULTS */;
/*!40101 SET @OLD_COLLATION_CONNECTION=@@COLLATION_CONNECTION */;
/*!50503 SET NAMES utf8 */;
/*!40103 SET @OLD_TIME_ZONE=@@TIME_ZONE */;
/*!40103 SET TIME_ZONE='+00:00' */;
/*!40014 SET @OLD_UNIQUE_CHECKS=@@UNIQUE_CHECKS, UNIQUE_CHECKS=0 */;
/*!40014 SET @OLD_FOREIGN_KEY_CHECKS=@@FOREIGN_KEY_CHECKS, FOREIGN_KEY_CHECKS=0 */;
/*!40101 SET @OLD_SQL_MODE=@@SQL_MODE, SQL_MODE='NO_AUTO_VALUE_ON_ZERO' */;
/*!40111 SET @OLD_SQL_NOTES=@@SQL_NOTES, SQL_NOTES=0 */;

--
-- Table structure for table `contribuyente`
--

DROP TABLE IF EXISTS `contribuyente`;
/*!40101 SET @saved_cs_client     = @@character_set_client */;
/*!50503 SET character_set_client = utf8mb4 */;
CREATE TABLE `contribuyente` (
  `idContribuyente` int NOT NULL AUTO_INCREMENT,
  `nombre` varchar(50) DEFAULT NULL,
  `apellido1` varchar(50) DEFAULT NULL,
  `apellido2` varchar(50) DEFAULT NULL,
  `NIFNIE` varchar(50) DEFAULT NULL,
  `direccion` varchar(50) DEFAULT NULL,
  `numero` varchar(50) DEFAULT NULL,
  `paisCCC` varchar(50) DEFAULT NULL,
  `CCC` varchar(50) DEFAULT NULL,
  `IBAN` varchar(50) DEFAULT NULL,
  `eEmail` varchar(50) DEFAULT NULL,
  `exencion` varchar(1) DEFAULT NULL,
  `bonificacion` double DEFAULT NULL,
  `fechaAlta` date DEFAULT NULL,
  `fechaBaja` date DEFAULT NULL,
  PRIMARY KEY (`idContribuyente`)
) ENGINE=InnoDB AUTO_INCREMENT=137 DEFAULT CHARSET=utf8mb4 COLLATE=utf8mb4_0900_ai_ci;
/*!40101 SET character_set_client = @saved_cs_client */;

--
-- Dumping data for table `contribuyente`
--

LOCK TABLES `contribuyente` WRITE;
/*!40000 ALTER TABLE `contribuyente` DISABLE KEYS */;
INSERT INTO `contribuyente` VALUES (2,'Juan','Martinez','Dominguez','09632539R','MOLINO (EL)','0013','DK','31645124473461205164','DK7331645124473461205164',NULL,'S',0,'2024-01-03',NULL),(3,'Rubén Darío','Fuertes','Montiel','71393419Q','PRADERA (LA)','0004','ES','65614874165615445616','ES8265614874165615445616',NULL,'N',0,'2004-10-07',NULL),(4,'Alencar','Lidiane','Morala','09771193B','PRADERA (LA)','0004','RO','32569523016220165156','RO8832569523016220165156',NULL,'N',0,'2008-08-22',NULL),(5,'Alencar','Lidiane','Nuñez','09548283V','MADRID','0011','DE','24561937521546497521','DE7424561937521546497521',NULL,'N',25,'2006-02-17',NULL),(6,'Rocío','Gil','Olle','71425232C','CAMINO DE SANTIAGO','0028','MC','36520125638451012515','MC6436520125638451012515',NULL,'N',0,'2005-10-21',NULL),(7,'Soledad','Diez','Orejas','09671968P','PEÑA UBIÑA','0188','ES','21584976902154655487','ES0721584976902154655487',NULL,'N',0,'2012-05-10',NULL),(8,'Vittorio','Diez','Otero','00538394X','IGLESIA (LA)','0003','GR','20125003305201112544','GR9420125003305201112544',NULL,'N',25,'2020-03-22',NULL),(9,'Vittorio','Baglione','Pardo','09548150E','ABAJO','0003','ES','21651484690980008984','ES2821651484690980008984',NULL,'N',0,'2014-04-16',NULL),(10,'Adolfo','Blanco','Perez','09743327K','MONTE (EL)','0043','FI','20960043043554600000','FI5620960043043554600000',NULL,'N',0,'2023-02-21',NULL),(11,'Mauro','Aparicio','Pérez','09548443Q','MONTE (EL)','0050','ES','21564975243245467995','ES7921564975243245467995',NULL,'N',25,'2007-02-21',NULL),(12,'Agustín','Castro','Presa','09749147E','MONTE (EL)','0050','LT','32566221522587754554','LT8032566221522587754554',NULL,'N',0,'2022-02-22',NULL),(13,'Luis','Benito','Prieto','09785530L','MONTE (EL)','0050','EE','23215465315456411515','EE2023215465315456411515',NULL,'N',0,'2013-08-04',NULL),(16,'Latifa Epfouad Erre','Boughaza','Robles','09548206D','LEON-SANTANDER','0027','SM','25894363475485700145','SM2125894363475485700145',NULL,'N',0,'2011-04-04',NULL),(17,'Saaida','Boughaza','Robles','09570211A','REAL','0017','ES','96431245118150005156','ES9596431245118150005156',NULL,'N',0,'2023-06-02',NULL),(18,'Antonio','García','Rodríguez','09548416N','REAL','0017','AT','25030000114574745458','AT6825030000114574745458',NULL,'N',0,'2017-10-09',NULL),(19,'Dorina','González','Rodríguez','10405904Z','LEON-SANTANDER','0027','IT','15953684811254695203','IT8915953684811254695203',NULL,'N',25,'2007-10-16',NULL),(21,'Clementina','Iglesias','Sánchez','71393354C','REAL','0017','DK','00750184310702510000','DK5800750184310702510000',NULL,'N',0,'2020-02-07',NULL),(22,'Miguel Ángel','Quintanilla',NULL,'09611066X','MILGAS (LAS)','0001','ES','23455254943263234457','ES5023455254943263234457',NULL,'N',25,'2012-12-19',NULL),(23,'Blas','Vega',NULL,'09611087P','MONTE (EL)','0041','GR','20910936583000000000','GR4920910936583000000000',NULL,'N',0,'2023-12-19',NULL),(24,'Pedro','Portugues',NULL,'71404625K','MONTE (EL)','0017','ES','20960043032159000000','ES3720960043032159000000',NULL,'N',0,'2009-06-18',NULL),(25,'Paulina','Cepin',NULL,'01234567L','REAL','0016','DE','12669681115112121210','DE5512669681115112121210',NULL,'N',25,'2012-05-05',NULL),(27,'Gerardo','Martinez','Molina','09724050H','MONTE (EL)','0017','ES','56187775315550000651','ES2956187775315550000651',NULL,'N',0,'2008-03-18',NULL),(28,'Cecilia','García','Montiel','09689676Y','PEÑA UBIÑA','0188','ES','25516848021156151054','ES0425516848021156151054',NULL,'N',25,'2016-10-24',NULL),(29,'Genaro','Moncada','Morala','09570285P','IGLESIA (LA)','0007','PT','64578946740051516490','PT5764578946740051516490',NULL,'N',0,'2022-03-19',NULL),(30,'Clara','Sánchez','Nuñez','09570262P','IGLESIA (LA)','0007','ES','34698752714600549403','ES4534698752714600549403',NULL,'N',0,'2003-11-12',NULL),(31,'Ana Belén','Lombás','Olle','09548827D','IGLESIA (LA)','0007','ES','66649444162310000255','ES2766649444162310000255',NULL,'N',0,'2018-05-22',NULL),(32,'Generoso','Martin','Martin','09548486J','PENILLA','0006','FR','23185484465641685100','FR5623185484465641685100',NULL,'N',0,'2008-04-17',NULL),(36,'Tomás','Cedron','Pérez','24304263W','MONTE (EL)','0041','DE','21508149175421346497','DE5021508149175421346497',NULL,'N',25,'2018-05-10',NULL),(37,'Clotilde','Castro','Presa','09570258G','VALLEO (EL)','0004','DE','21346154503164978451','DE6721346154503164978451',NULL,'N',0,'2006-05-04',NULL),(38,'Cristina','Alonso','Prieto','09548295Y','MILGAS (LAS)','0001','ES','25187786311225455548','ES7225187786311225455548',NULL,'N',0,'2021-07-12',NULL),(40,'Encarnación','López','Riverto','10575307E','PINOS (LOS)','0254','ES','96536214865214585214','ES2396536214865214585214',NULL,'N',0,'2013-02-04',NULL),(41,'Dolores','López','Robles','09548392B','PINOS (LOS)','0254','ES','85461325251978750005','ES6885461325251978750005',NULL,'N',0,'2023-08-04',NULL),(43,'Sonia','Pisabarro','Rodríguez','71393396Q','NAVAS (LAS)','0000','ES','20960043073071400000','ES5020960043073071400000',NULL,'N',0,'2021-10-10',NULL),(44,'Generoso','Pisabarro','Rodríguez','71406027C','RESIDENCIAL LAS FUENTES','0018','ES','20960043042158800000','ES8220960043042158800000',NULL,'N',0,'2016-09-11',NULL),(45,'Sergio','Alaiz','Salas','09548451R','TELENO','0196','ES','21654587985156484454','ES7521654587985156484454',NULL,'N',0,'2016-12-04',NULL),(46,'Bonifacio','Fresco','Sánchez','71597570L','RIO PORMA','0136','ES','51651681961210656510','ES3251651681961210656510',NULL,'N',0,'2020-12-15',NULL),(47,'Demetrio','Fernández','García','09611100K','RIO ESLA','0115','ES','66552211148855332200','ES5566552211148855332200',NULL,'N',0,'2023-05-01',NULL),(48,'Germán','Martínez','García','09769669M','IGLESIA (LA)','0007','GB','20910936583000000000','GB9720910936583000000000',NULL,'N',25,'2015-06-27',NULL),(49,'Marta','López','Getino','09548317M','GENERAL','0070','DE','01821135910205540000','DE9301821135910205540000',NULL,'N',0,'2017-10-24',NULL),(50,'Israel','Amo','Gomara','12649208J','VALLE (EL)','0006','DE','22631245526916432102','DE7822631245526916432102',NULL,'N',0,'2016-04-30',NULL),(51,'Israel','Amo','González','09758365V','CONFORCOS','0011','ES','20960043043075700000','ES2120960043043075700000',NULL,'N',25,'2007-01-19',NULL),(52,'Gabriel','Prieto','González','02614035Q','VALLE (EL)','0006','SM','25635478321002541225','SM7325635478321002541225',NULL,'N',0,'2023-02-05',NULL),(53,'Rubén Darío','García','Gracia','09570242B','VALLE (EL)','0006','ES','32154697195423121000','ES6832154697195423121000',NULL,'N',0,'2015-05-24',NULL),(55,'Alencar','Fresco','Gutierrez','09548501M','LA ERA','0002','GB','20008521528775113366','GB5520008521528775113366',NULL,'N',0,'2011-02-01',NULL),(60,'Adolfo','Puerto','Márquez','09548290R','CALLEJA (LA)','0001','ES','20960043033000100000','ES8020960043033000100000',NULL,'N',0,'2005-09-12',NULL),(61,'Giovani','Morán','Martinez','09626048L','CAMINO DE SANTIAGO','0024','GB','36585214290025478551','GB0836585214290025478551',NULL,'N',0,'2015-03-20',NULL),(62,'Agustín','López','Martínez','24571671N','GENERAL','0001','ES','12548523465214585214','ES9012548523465214585214',NULL,'N',25,'2007-01-23',NULL),(63,'Luis','Domingo','Melcón','09784112G','REAL','0003','ES','31624561042546920007','ES6931624561042546920007',NULL,'N',0,'2014-10-26',NULL),(64,'Armando','Domínguez',NULL,'09548495E','VALLE (EL)','0002','ES','36154231712500312566','ES1436154231712500312566',NULL,'N',0,'2019-08-14',NULL),(65,'Latifa','Ramos',NULL,'71404623L','REAL','0016','ES','44875664127231645789','ES8244875664127231645789',NULL,'N',0,'2017-03-16',NULL),(66,'Latifa Epfouad Erre','Cadenas',NULL,'09810142K','SIN SALIDA','0001','ES','20960031442124800000','ES7920960031442124800000',NULL,'N',0,'2024-10-05',NULL),(68,'Antonio','Fernandez','García','X8996448K','CONFORCOS','0003','ES','33218885441445121022','ES1933218885441445121022',NULL,'N',0,'2017-07-10',NULL),(69,'Dorina','García','Getino','09685088H','MONTE (EL)','0046','ES','62581542713690044508','ES8462581542713690044508',NULL,'N',25,'2019-04-14',NULL),(71,'Soledad','Otero','González','09545570H','SIN SALIDA','0001','ES','20960043033000100000','ES8020960043033000100000',NULL,'N',0,'2006-05-04',NULL),(72,'Vittorio','Vara','González','71393411P','VALLE (EL)','0002','PT','36952365020014425254','PT3536952365020014425254',NULL,'N',0,'2016-06-01',NULL),(73,'Vittorio','Martínes','Gracia','71393352H','SENDA (LA)','0003','ES','65168874641561561500','ES9565168874641561561500',NULL,'N',0,'2008-10-27',NULL),(74,'Mario','Bernal','Guerra','09632873J','MADRID','0017','ES','20960583831234500000','ES3220960583831234500000',NULL,'N',25,'2010-09-06',NULL),(75,'Concepción','Blanco','Gutierrez','71878948S','CONFORCOS','0011','ES','21416325811510005514','ES7221416325811510005514',NULL,'N',0,'2016-06-22',NULL),(79,'Serafín','De la fuente','Manzanares','09634700T','CONFORCOS','0007','ES','63516541828944000984','ES8163516541828944000984',NULL,'N',0,'2004-11-24',NULL),(80,'Eulalia','García','Márquez','12684218V','CONFORCOS','0015','ES','23658965274585223202','ES6223658965274585223202',NULL,'N',25,'2020-06-09',NULL),(81,'Gonzalo','Pérez','Martinez','09548247G','VIÑA (LA)','0007','FI','32658012367712548745','FI6132658012367712548745',NULL,'N',0,'2023-04-14',NULL),(82,'Emiliano','Alvarez','Martínez','09611071S','PEÑA SANTA','0187','ES','23652365142254222000','ES7223652365142254222000',NULL,'N',0,'2011-01-15',NULL),(84,'Montserrat','García',NULL,'71404629W','PLAZUELA (LA)','0005','ES','32584216971684051000','ES9232584216971684051000',NULL,'N',0,'2012-04-25',NULL),(86,'José Antonio','Alonso','Cabero','10940987W','POZO (EL)','0006','ES','95485212315484010000','ES7395485212315484010000',NULL,'N',25,'2024-12-01',NULL),(87,'Bernardo','Dominguez','Cabeza','09611099C','POZO (EL)','0006','LT','21856333126985542360','LT9321856333126985542360',NULL,'N',0,'2007-08-14',NULL),(88,'Nelida','García','Calleja','09548287K','GENERAL','0043','ES','36245978133245679001','ES5736245978133245679001',NULL,'N',0,'2009-08-03',NULL),(89,'Marisa','Labarga','Candanedo','Y1337652D','GENERAL','0043','ES','31245164156597845124','ES7631245164156597845124',NULL,'N',0,'2008-10-13',NULL),(91,'Miguel','López','Carro','09481741Z','HUERTOS (LOS)','0001','SE','32574512085411002255','SE6832574512085411002255',NULL,'N',0,'2008-02-02',NULL),(92,'Cruz','Fernández','Cascallana','09786363R','FUENTE (LA)','0008','ES','20960043013468900000','ES4420960043013468900000',NULL,'N',0,'2009-05-06',NULL),(93,'Carmen','Gomez','Castañeda','X1673150S','VIÑA (LA)','0009','ES','31215643855060225021','ES5631215643855060225021',NULL,'N',25,'2012-04-08',NULL),(95,'Khadouj','Sánchez','Castro','12160221Y','NUESTRA SEÑORA DEL CAMINO','0099','ES','65165654918886005001','ES1665165654918886005001',NULL,'N',0,'2023-06-22',NULL),(102,'Mario','Herrero','Coello ','X5106131Q','REAL','0097','AT','65645150865168448896','AT8365645150865168448896',NULL,'N',0,'2011-07-02',NULL),(103,'Concepción','López','De la puente','09741995T','ROSALES (LOS)','0028','IT','26551681807651415636','IT3526551681807651415636',NULL,'N',25,'2023-01-11',NULL),(104,'María','Fernández','Del amo','71609083D','MANZANALES (LOS)','0004','HU','99558741836555551120','HU2399558741836555551120',NULL,'N',0,'2010-01-17',NULL),(106,'Gabriel','Moncada','Martinez','09458455G','REGUERO (EL)','0002','IE','51556584221251000254','IE6851556584221251000254',NULL,'N',25,'2022-02-23',NULL),(128,'Diana','Martínes','Centeno','09611076C','JUAN CARLOS I','0010','LT','62541122421110105611','LT9362541122421110105611',NULL,'N',0,'2010-10-02',NULL),(129,'Elisa','Bernal','Cerro','Y0806930N','JUAN CARLOS I','0012','ES','55065688761051056105','ES6855065688761051056105',NULL,'N',0,'2019-01-08',NULL),(131,'Marisa','Sutil','Charro','09714235R','JUAN CARLOS I','0026','ES','12548521518742146695','ES9712548521518742146695',NULL,'N',0,'2020-12-10',NULL),(132,'Marta','Díez','Chen','09806572Q','JUAN CARLOS I','0026','ES','01826530120201560000','ES9001826530120201560000',NULL,'S',0,'2011-12-10',NULL),(133,'Miguel','Fernández','Coello ','02031127C','COTANO','0008','ES','21651651812511133551','ES9021651651812511133551',NULL,'N',0,'2018-08-22',NULL),(134,'Cruz','De la fuente','De la puente','09548215H','ACEBOS (LOS)','0294','ES','51651487910005118185','ES6851651487910005118185',NULL,'N',25,'2016-07-06',NULL),(136,'Hugo','Pérez','Diez','09548505D','VALDEFRESNO','0007','AT','22515651915640081000','AT3122515651915640081000',NULL,'N',0,'2010-10-06',NULL);
/*!40000 ALTER TABLE `contribuyente` ENABLE KEYS */;
UNLOCK TABLES;

--
-- Table structure for table `lecturas`
--

DROP TABLE IF EXISTS `lecturas`;
/*!40101 SET @saved_cs_client     = @@character_set_client */;
/*!50503 SET character_set_client = utf8mb4 */;
CREATE TABLE `lecturas` (
  `id` int NOT NULL AUTO_INCREMENT,
  `ejercicio` varchar(50) DEFAULT NULL,
  `periodo` varchar(50) DEFAULT NULL,
  `lecturaAnterior` int DEFAULT NULL,
  `lecturaActual` int DEFAULT NULL,
  `idContribuyente` int DEFAULT NULL,
  PRIMARY KEY (`id`),
  KEY `FK_contribuyente_lectura` (`idContribuyente`),
  CONSTRAINT `FK_contribuyente_lectura` FOREIGN KEY (`idContribuyente`) REFERENCES `contribuyente` (`idContribuyente`)
) ENGINE=InnoDB AUTO_INCREMENT=83 DEFAULT CHARSET=utf8mb4 COLLATE=utf8mb4_0900_ai_ci;
/*!40101 SET character_set_client = @saved_cs_client */;

--
-- Dumping data for table `lecturas`
--

LOCK TABLES `lecturas` WRITE;
/*!40000 ALTER TABLE `lecturas` DISABLE KEYS */;
INSERT INTO `lecturas` VALUES (1,'2023','1T',21,106,2),(2,'2023','1T',744,799,3),(3,'2023','1T',652,727,4),(4,'2023','1T',942,1063,5),(5,'2023','1T',989,996,6),(6,'2023','1T',355,471,7),(7,'2023','1T',586,637,8),(8,'2023','1T',561,698,9),(9,'2023','1T',734,777,10),(10,'2023','1T',645,832,11),(11,'2023','1T',448,448,12),(12,'2023','1T',764,943,13),(13,'2023','1T',328,468,16),(14,'2023','1T',658,741,17),(15,'2023','1T',996,1118,18),(16,'2023','1T',968,1121,19),(17,'2023','1T',337,459,21),(18,'2023','1T',25,99,22),(19,'2023','1T',609,809,23),(20,'2023','1T',27,204,24),(21,'2023','1T',799,841,25),(22,'2023','1T',346,434,27),(23,'2023','1T',410,511,28),(24,'2023','1T',228,238,29),(25,'2023','1T',306,384,30),(26,'2023','1T',361,432,31),(27,'2023','1T',36,149,32),(28,'2023','1T',413,426,36),(29,'2023','1T',721,730,37),(30,'2023','1T',809,929,38),(31,'2023','1T',518,690,40),(32,'2023','1T',646,725,41),(33,'2023','1T',191,345,43),(34,'2023','1T',742,799,44),(35,'2023','1T',576,675,45),(36,'2023','1T',423,488,46),(37,'2023','1T',990,1084,47),(38,'2023','1T',330,371,48),(39,'2023','1T',890,1082,49),(40,'2023','1T',732,820,50),(41,'2023','1T',178,335,51),(42,'2023','1T',595,721,52),(43,'2023','1T',412,596,53),(44,'2023','1T',344,388,55),(45,'2023','1T',982,1009,60),(46,'2023','1T',768,935,61),(47,'2023','1T',446,528,62),(48,'2023','1T',248,370,63),(49,'2023','1T',960,1052,64),(50,'2023','1T',889,917,65),(51,'2023','1T',847,853,66),(52,'2023','1T',658,681,68),(53,'2023','1T',983,1166,69),(54,'2023','1T',274,454,71),(55,'2023','1T',749,936,72),(56,'2023','1T',943,961,73),(57,'2023','1T',545,654,74),(58,'2023','1T',200,212,75),(59,'2023','1T',368,489,79),(60,'2023','1T',692,838,80),(61,'2023','1T',633,772,81),(62,'2023','1T',488,494,82),(63,'2023','1T',397,520,84),(64,'2023','1T',597,767,86),(65,'2023','1T',236,407,87),(66,'2023','1T',68,161,88),(67,'2023','1T',633,673,89),(68,'2023','1T',418,543,91),(69,'2023','1T',250,306,92),(70,'2023','1T',76,164,93),(71,'2023','1T',635,666,95),(72,'2023','1T',607,624,102),(73,'2023','1T',964,1016,103),(74,'2023','1T',72,207,104),(75,'2023','1T',188,315,106),(76,'2023','1T',509,704,128),(77,'2023','1T',757,874,129),(78,'2023','1T',11,65,131),(79,'2023','1T',944,1020,132),(80,'2023','1T',287,354,133),(81,'2023','1T',728,838,134),(82,'2023','1T',174,191,136);
/*!40000 ALTER TABLE `lecturas` ENABLE KEYS */;
UNLOCK TABLES;

--
-- Table structure for table `lineasrecibo`
--

DROP TABLE IF EXISTS `lineasrecibo`;
/*!40101 SET @saved_cs_client     = @@character_set_client */;
/*!50503 SET character_set_client = utf8mb4 */;
CREATE TABLE `lineasrecibo` (
  `id` int NOT NULL AUTO_INCREMENT,
  `concepto` varchar(50) DEFAULT NULL,
  `subconcepto` varchar(50) DEFAULT NULL,
  `baseImponible` double DEFAULT NULL,
  `porcentajeIVA` double DEFAULT NULL,
  `importeiva` double DEFAULT NULL,
  `m3incluidos` double DEFAULT NULL,
  `bonificacion` double DEFAULT NULL,
  `importeBonificacion` double DEFAULT NULL,
  `idRecibo` int DEFAULT NULL,
  PRIMARY KEY (`id`),
  KEY `FK_recibo_linea` (`idRecibo`),
  CONSTRAINT `FK_recibo_linea` FOREIGN KEY (`idRecibo`) REFERENCES `recibos` (`numeroRecibo`)
) ENGINE=InnoDB AUTO_INCREMENT=358 DEFAULT CHARSET=utf8mb4 COLLATE=utf8mb4_0900_ai_ci;
/*!40101 SET character_set_client = @saved_cs_client */;

--
-- Dumping data for table `lineasrecibo`
--

LOCK TABLES `lineasrecibo` WRITE;
/*!40000 ALTER TABLE `lineasrecibo` DISABLE KEYS */;
INSERT INTO `lineasrecibo` VALUES (1,'Agua','Fijo',20,21,4.2,30,0,0,1),(2,'Agua','Primer',4,21,0.84,20,0,0,1),(3,'Agua','tramo',0,21,0,0,0,0,1),(4,'Agua','Segundo',0,21,0,0,0,0,1),(5,'Desagüe','Tercer',2.55,0,0,0,0,0,1),(6,'Alcantarillado','tramo',0.255,10,0.0255,0,0,0,1),(7,'Agua','Fijo',20,21,4.2,30,0,0,2),(8,'Agua','Primer',4,21,0.84,20,0,0,2),(9,'Agua','tramo',0,21,0,0,0,0,2),(10,'Agua','Segundo',0,21,0,0,0,0,2),(11,'Desagüe','Tercer',3.15,0,0,0,0,0,2),(12,'Alcantarillado','tramo',0.315,10,0.0315,0,0,0,2),(13,'Agua','Fijo',15,21,3.15,30,25,5,3),(14,'Agua','Primer',3,21,0.63,20,25,1,3),(15,'Agua','tramo',0,21,0,0,25,0,3),(16,'Agua','Segundo',31.5,21,6.615,21,25,10.5,3),(17,'Desagüe','Tercer',6.075,0,0,0,25,2.025,3),(18,'Alcantarillado','tramo',0.6075,10,0.060750004,0,25,0.20250006,3),(19,'Agua','Fijo',20,21,4.2,30,0,0,4),(20,'Desagüe','Desagüe',2,0,0,0,0,0,4),(21,'Alcantarillado','Fijo',0.2,10,0.02,0,0,0,4),(22,'Agua','Fijo',20,21,4.2,30,0,0,5),(23,'Agua','Primer',4,21,0.84,20,0,0,5),(24,'Agua','tramo',0,21,0,0,0,0,5),(25,'Agua','Segundo',32,21,6.72,16,0,0,5),(26,'Desagüe','Tercer',7.1,0,0,0,0,0,5),(27,'Alcantarillado','tramo',0.71,10,0.071,0,0,0,5),(28,'Agua','Fijo',15,21,3.15,30,25,5,6),(29,'Agua','Primer',3,21,0.63,20,25,1,6),(30,'Agua','tramo',0,21,0,0,25,0,6),(31,'Agua','Segundo',0,21,0,0,25,0,6),(32,'Desagüe','Tercer',1.8225,0,0,0,25,0.6074999,6),(33,'Alcantarillado','tramo',0.18225001,10,0.018225001,0,25,0.060750008,6),(34,'Agua','Fijo',20,21,4.2,30,0,0,7),(35,'Agua','Primer',4,21,0.84,20,0,0,7),(36,'Agua','tramo',0,21,0,0,0,0,7),(37,'Agua','Segundo',74,21,15.54,37,0,0,7),(38,'Desagüe','Tercer',11.3,0,0,0,0,0,7),(39,'Alcantarillado','tramo',1.13,10,0.113000005,0,0,0,7),(40,'Agua','Fijo',20,21,4.2,30,0,0,8),(41,'Agua','Primer',2.6000001,21,0.546,13,0,0,8),(42,'Agua','tramo',0,21,0,0,0,0,8),(43,'Agua','Segundo',0,21,0,0,0,0,8),(44,'Desagüe','Tercer',2.26,0,0,0,0,0,8),(45,'Alcantarillado','tramo',0.22600001,10,0.022600003,0,0,0,8),(46,'Agua','Fijo',15,21,3.15,30,25,5,9),(47,'Agua','Primer',3,21,0.63,20,25,1,9),(48,'Agua','tramo',0,21,0,0,25,0,9),(49,'Agua','Segundo',130.5,21,27.405,87,25,43.5,9),(50,'Desagüe','Tercer',15.975,0,0,0,25,5.325,9),(51,'Alcantarillado','tramo',1.5975,10,0.15975,0,25,0.5324999,9),(52,'Agua','Fijo',20,21,4.2,30,0,0,10),(53,'Desagüe','Desagüe',2,0,0,0,0,0,10),(54,'Alcantarillado','Fijo',0.2,10,0.02,0,0,0,10),(55,'Agua','Fijo',20,21,4.2,30,0,0,11),(56,'Agua','Primer',4,21,0.84,20,0,0,11),(57,'Agua','tramo',0,21,0,0,0,0,11),(58,'Agua','Segundo',158,21,33.18,79,0,0,11),(59,'Desagüe','Tercer',19.7,0,0,0,0,0,11),(60,'Alcantarillado','tramo',1.97,10,0.19700001,0,0,0,11),(61,'Agua','Fijo',50,21,10.5,20,0,0,12),(62,'Agua','Primer',0,21,0,0,0,0,12),(63,'Agua','tramo',0,21,0,0,0,0,12),(64,'Agua','Segundo',700,21,147,140,0,0,12),(65,'Desagüe','Tercer',25,0,0,0,0,0,12),(66,'Alcantarillado','tramo',75,0,0,0,0,0,12),(67,'Agua','Fijo',50,21,10.5,20,0,0,13),(68,'Agua','Primer',0,21,0,0,0,0,13),(69,'Agua','tramo',0,21,0,0,0,0,13),(70,'Agua','Segundo',610,21,128.1,122,0,0,13),(71,'Desagüe','Tercer',25,0,0,0,0,0,13),(72,'Alcantarillado','tramo',66,0,0,0,0,0,13),(73,'Agua','Fijo',37.5,21,7.875,20,25,12.5,14),(74,'Agua','Primer',0,21,0,0,25,0,14),(75,'Agua','tramo',0,21,0,0,25,0,14),(76,'Agua','Segundo',573.75,21,120.487495,153,25,191.25,14),(77,'Desagüe','Tercer',18.75,0,0,0,25,6.25,14),(78,'Alcantarillado','tramo',61.125,0,0,0,25,20.375,14),(79,'Agua','Fijo',50,21,10.5,20,0,0,15),(80,'Agua','Primer',0,21,0,0,0,0,15),(81,'Agua','tramo',0,21,0,0,0,0,15),(82,'Agua','Segundo',610,21,128.1,122,0,0,15),(83,'Desagüe','Tercer',25,0,0,0,0,0,15),(84,'Alcantarillado','tramo',66,0,0,0,0,0,15),(85,'Agua','Fijo',37.5,21,7.875,20,25,12.5,16),(86,'Agua','Primer',0,21,0,0,25,0,16),(87,'Agua','tramo',0,21,0,0,25,0,16),(88,'Agua','Segundo',0,21,0,0,25,0,16),(89,'Desagüe','Tercer',18.75,0,0,0,25,6.25,16),(90,'Alcantarillado','tramo',14.85,0,0,0,25,4.95,16),(91,'Agua','Fijo',50,21,10.5,20,0,0,17),(92,'Agua','Primer',0,21,0,0,0,0,17),(93,'Agua','tramo',0,21,0,0,0,0,17),(94,'Agua','Segundo',885,21,185.85,177,0,0,17),(95,'Desagüe','Tercer',25,0,0,0,0,0,17),(96,'Alcantarillado','tramo',93.5,0,0,0,0,0,17),(97,'Agua','Fijo',37.5,21,7.875,20,25,12.5,18),(98,'Agua','Primer',31.5,21,6.615,42,25,10.5,18),(99,'Agua','tramo',0,21,0,0,25,0,18),(100,'Agua','Segundo',0,21,0,0,25,0,18),(101,'Desagüe','Tercer',18.75,0,0,0,25,6.25,18),(102,'Alcantarillado','tramo',6.9,0,0,0,25,2.3,18),(103,'Agua','Fijo',50,21,10.5,20,0,0,19),(104,'Agua','Primer',0,21,0,0,0,0,19),(105,'Agua','tramo',0,21,0,0,0,0,19),(106,'Agua','Segundo',0,21,0,0,0,0,19),(107,'Desagüe','Tercer',25,0,0,0,0,0,19),(108,'Alcantarillado','tramo',22.6,0,0,0,0,0,19),(109,'Agua','Fijo',37.5,21,7.875,20,25,12.5,20),(110,'Agua','Primer',0,21,0,0,25,0,20),(111,'Agua','tramo',0,21,0,0,25,0,20),(112,'Agua','Segundo',0,21,0,0,25,0,20),(113,'Desagüe','Tercer',18.75,0,0,0,25,6.25,20),(114,'Alcantarillado','tramo',18.9,0,0,0,25,6.3,20),(115,'Agua','Fijo',50,21,10.5,20,0,0,21),(116,'Agua','Primer',0,21,0,0,0,0,21),(117,'Agua','tramo',0,21,0,0,0,0,21),(118,'Agua','Segundo',0,21,0,0,0,0,21),(119,'Desagüe','Tercer',25,0,0,0,0,0,21),(120,'Alcantarillado','tramo',5,0,0,0,0,0,21),(121,'Agua','Fijo',50,21,10.5,20,0,0,22),(122,'Agua','Primer',0,21,0,0,0,0,22),(123,'Agua','tramo',0,21,0,0,0,0,22),(124,'Agua','Segundo',0,21,0,0,0,0,22),(125,'Desagüe','Tercer',25,0,0,0,0,0,22),(126,'Alcantarillado','tramo',20.6,0,0,0,0,0,22),(127,'Agua','Fijo',50,21,10.5,20,0,0,23),(128,'Agua','Primer',0,21,0,0,0,0,23),(129,'Agua','tramo',0,21,0,0,0,0,23),(130,'Agua','Segundo',0,21,0,0,0,0,23),(131,'Desagüe','Tercer',25,0,0,0,0,0,23),(132,'Alcantarillado','tramo',19.2,0,0,0,0,0,23),(133,'Agua','Fijo',50,21,10.5,20,0,0,24),(134,'Agua','Primer',0,21,0,0,0,0,24),(135,'Agua','tramo',0,21,0,0,0,0,24),(136,'Agua','Segundo',0,21,0,0,0,0,24),(137,'Desagüe','Tercer',25,0,0,0,0,0,24),(138,'Alcantarillado','tramo',27.6,0,0,0,0,0,24),(139,'Agua','Concepto',15,21,3.15,13,25,5,25),(140,'Desagüe','Desagüe',4.5,0,0,0,25,1.5,25),(141,'Alcantarillado','Fijo',22.5,0,0,0,25,7.5,25),(142,'Agua','Concepto',20,21,4.2,9,0,0,26),(143,'Desagüe','Desagüe',6,0,0,0,0,0,26),(144,'Alcantarillado','Fijo',30,0,0,0,0,0,26),(145,'Agua','Concepto',260,21,4.2,120,0,20,27),(146,'Desagüe','Desagüe',6,0,0,0,0,0,27),(147,'Alcantarillado','Fijo',30,0,0,0,0,0,27),(148,'Agua','Concepto',364,21,4.2,172,0,20,28),(149,'Desagüe','Desagüe',6,0,0,0,0,0,28),(150,'Alcantarillado','Fijo',30,0,0,0,0,0,28),(151,'Agua','Concepto',328,21,4.2,154,0,20,29),(152,'Desagüe','Desagüe',6,0,0,0,0,0,29),(153,'Alcantarillado','Fijo',30,0,0,0,0,0,29),(154,'Agua','Concepto',134,21,4.2,57,0,20,30),(155,'Desagüe','Desagüe',6,0,0,0,0,0,30),(156,'Alcantarillado','Fijo',30,0,0,0,0,0,30),(157,'Agua','Concepto',218,21,4.2,99,0,20,31),(158,'Desagüe','Desagüe',6,0,0,0,0,0,31),(159,'Alcantarillado','Fijo',30,0,0,0,0,0,31),(160,'Agua','Concepto',150,21,4.2,65,0,20,32),(161,'Desagüe','Desagüe',6,0,0,0,0,0,32),(162,'Alcantarillado','Fijo',30,0,0,0,0,0,32),(163,'Agua','Concepto',81.5,21,3.15,41,25,40.5,33),(164,'Desagüe','Desagüe',4.5,0,0,0,25,1.5,33),(165,'Alcantarillado','Fijo',22.5,0,0,0,25,7.5,33),(166,'Agua','Concepto',404,21,4.2,192,0,20,34),(167,'Desagüe','Desagüe',6,0,0,0,0,0,34),(168,'Alcantarillado','Fijo',30,0,0,0,0,0,34),(169,'Agua','Concepto',196,21,4.2,88,0,20,35),(170,'Desagüe','Desagüe',6,0,0,0,0,0,35),(171,'Alcantarillado','Fijo',30,0,0,0,0,0,35),(172,'Agua','Concepto',255.5,21,3.15,157,25,98.5,36),(173,'Desagüe','Desagüe',4.5,0,0,0,25,1.5,36),(174,'Alcantarillado','Fijo',22.5,0,0,0,25,7.5,36),(175,'Agua','Concepto',272,21,4.2,126,0,20,37),(176,'Desagüe','Desagüe',6,0,0,0,0,0,37),(177,'Alcantarillado','Fijo',30,0,0,0,0,0,37),(178,'Agua','Concepto',388,21,4.2,184,0,20,38),(179,'Desagüe','Desagüe',6,0,0,0,0,0,38),(180,'Alcantarillado','Fijo',30,0,0,0,0,0,38),(181,'Agua','Concepto',108,21,4.2,44,0,20,39),(182,'Desagüe','Desagüe',6,0,0,0,0,0,39),(183,'Alcantarillado','Fijo',30,0,0,0,0,0,39),(184,'Agua','Fijo',20,21,4.2,30,0,0,40),(185,'Desagüe','Desagüe',2,0,0,0,0,0,40),(186,'Alcantarillado','Fijo',0.2,10,0.02,0,0,0,40),(187,'Agua','Fijo',20,21,4.2,30,0,0,41),(188,'Agua','Primer',4,21,0.84,20,0,0,41),(189,'Agua','tramo',0,21,0,0,0,0,41),(190,'Agua','Segundo',134,21,28.14,67,0,0,41),(191,'Desagüe','Tercer',17.3,0,0,0,0,0,41),(192,'Alcantarillado','tramo',1.73,10,0.173,0,0,0,41),(193,'Agua','Fijo',15,21,3.15,30,25,5,42),(194,'Agua','Primer',3,21,0.63,20,25,1,42),(195,'Agua','tramo',0,21,0,0,25,0,42),(196,'Agua','Segundo',0,21,0,0,25,0,42),(197,'Desagüe','Tercer',2.52,0,0,0,25,0.8399998,42),(198,'Alcantarillado','tramo',0.252,10,0.0252,0,25,0.084,42),(199,'Agua','Fijo',20,21,4.2,30,0,0,43),(200,'Agua','Primer',4,21,0.84,20,0,0,43),(201,'Agua','tramo',0,21,0,0,0,0,43),(202,'Agua','Segundo',44,21,9.24,22,0,0,43),(203,'Desagüe','Tercer',8.3,0,0,0,0,0,43),(204,'Alcantarillado','tramo',0.83,10,0.083000004,0,0,0,43),(205,'Agua','Fijo',20,21,4.2,30,0,0,44),(206,'Agua','Primer',4,21,0.84,20,0,0,44),(207,'Agua','tramo',0,21,0,0,0,0,44),(208,'Agua','Segundo',0,21,0,0,0,0,44),(209,'Desagüe','Tercer',3.66,0,0,0,0,0,44),(210,'Alcantarillado','tramo',0.36600003,10,0.036600005,0,0,0,44),(211,'Agua','Fijo',20,21,4.2,30,0,0,45),(212,'Desagüe','Desagüe',2,0,0,0,0,0,45),(213,'Alcantarillado','Fijo',0.2,10,0.02,0,0,0,45),(214,'Agua','Fijo',20,21,4.2,30,0,0,46),(215,'Desagüe','Desagüe',2,0,0,0,0,0,46),(216,'Alcantarillado','Fijo',0.2,10,0.02,0,0,0,46),(217,'Agua','Fijo',15,21,3.15,30,25,5,47),(218,'Agua','Primer',3,21,0.63,20,25,1,47),(219,'Agua','tramo',0,21,0,0,25,0,47),(220,'Agua','Segundo',124.5,21,26.145,83,25,41.5,47),(221,'Desagüe','Tercer',15.375,0,0,0,25,5.125,47),(222,'Alcantarillado','tramo',1.5375,10,0.15375,0,25,0.5125,47),(223,'Agua','Fijo',20,21,4.2,30,0,0,48),(224,'Agua','Primer',4,21,0.84,20,0,0,48),(225,'Agua','tramo',0,21,0,0,0,0,48),(226,'Agua','Segundo',160,21,33.6,80,0,0,48),(227,'Desagüe','Tercer',19.9,0,0,0,0,0,48),(228,'Alcantarillado','tramo',1.99,10,0.199,0,0,0,48),(229,'Agua','Fijo',20,21,4.2,30,0,0,49),(230,'Agua','Primer',4,21,0.84,20,0,0,49),(231,'Agua','tramo',0,21,0,0,0,0,49),(232,'Agua','Segundo',174,21,36.54,87,0,0,49),(233,'Desagüe','Tercer',21.3,0,0,0,0,0,49),(234,'Alcantarillado','tramo',2.13,10,0.21300001,0,0,0,49),(235,'Agua','Fijo',20,21,4.2,30,0,0,50),(236,'Desagüe','Desagüe',2,0,0,0,0,0,50),(237,'Alcantarillado','Fijo',0.2,10,0.02,0,0,0,50),(238,'Agua','Fijo',15,21,3.15,30,25,5,51),(239,'Agua','Primer',3,21,0.63,20,25,1,51),(240,'Agua','tramo',0,21,0,0,25,0,51),(241,'Agua','Segundo',13.5,21,2.835,9,25,4.5,51),(242,'Desagüe','Tercer',4.275,0,0,0,25,1.425,51),(243,'Alcantarillado','tramo',0.4275,10,0.04275,0,25,0.14249997,51),(244,'Agua','Fijo',20,21,4.2,30,0,0,52),(245,'Desagüe','Desagüe',2,0,0,0,0,0,52),(246,'Alcantarillado','Fijo',0.2,10,0.02,0,0,0,52),(247,'Agua','Fijo',50,21,10.5,20,0,0,53),(248,'Agua','Primer',0,21,0,0,0,0,53),(249,'Agua','tramo',0,21,0,0,0,0,53),(250,'Agua','Segundo',605,21,127.05,121,0,0,53),(251,'Desagüe','Tercer',25,0,0,0,0,0,53),(252,'Alcantarillado','tramo',65.5,0,0,0,0,0,53),(253,'Agua','Fijo',37.5,21,7.875,20,25,12.5,54),(254,'Agua','Primer',0,21,0,0,25,0,54),(255,'Agua','tramo',0,21,0,0,25,0,54),(256,'Agua','Segundo',547.5,21,114.975006,146,25,182.5,54),(257,'Desagüe','Tercer',18.75,0,0,0,25,6.25,54),(258,'Alcantarillado','tramo',58.5,0,0,0,25,19.5,54),(259,'Agua','Fijo',50,21,10.5,20,0,0,55),(260,'Agua','Primer',0,21,0,0,0,0,55),(261,'Agua','tramo',0,21,0,0,0,0,55),(262,'Agua','Segundo',0,21,0,0,0,0,55),(263,'Desagüe','Tercer',25,0,0,0,0,0,55),(264,'Alcantarillado','tramo',5,0,0,0,0,0,55),(265,'Agua','Fijo',50,21,10.5,20,0,0,56),(266,'Agua','Primer',0,21,0,0,0,0,56),(267,'Agua','tramo',0,21,0,0,0,0,56),(268,'Agua','Segundo',615,21,129.15,123,0,0,56),(269,'Desagüe','Tercer',25,0,0,0,0,0,56),(270,'Alcantarillado','tramo',66.5,0,0,0,0,0,56),(271,'Agua','Fijo',50,21,10.5,20,0,0,57),(272,'Agua','Primer',0,21,0,0,0,0,57),(273,'Agua','tramo',0,21,0,0,0,0,57),(274,'Agua','Segundo',855,21,179.55,171,0,0,57),(275,'Desagüe','Tercer',25,0,0,0,0,0,57),(276,'Alcantarillado','tramo',90.5,0,0,0,0,0,57),(277,'Agua','Fijo',50,21,10.5,20,0,0,58),(278,'Agua','Primer',0,21,0,0,0,0,58),(279,'Agua','tramo',0,21,0,0,0,0,58),(280,'Agua','Segundo',0,21,0,0,0,0,58),(281,'Desagüe','Tercer',25,0,0,0,0,0,58),(282,'Alcantarillado','tramo',23.6,0,0,0,0,0,58),(283,'Agua','Fijo',50,21,10.5,20,0,0,59),(284,'Agua','Primer',40,21,8.4,40,0,0,59),(285,'Agua','tramo',0,21,0,0,0,0,59),(286,'Agua','Segundo',0,21,0,0,0,0,59),(287,'Desagüe','Tercer',25,0,0,0,0,0,59),(288,'Alcantarillado','tramo',9,0,0,0,0,0,59),(289,'Agua','Fijo',50,21,10.5,20,0,0,60),(290,'Agua','Primer',0,21,0,0,0,0,60),(291,'Agua','tramo',0,21,0,0,0,0,60),(292,'Agua','Segundo',625,21,131.25,125,0,0,60),(293,'Desagüe','Tercer',25,0,0,0,0,0,60),(294,'Alcantarillado','tramo',67.5,0,0,0,0,0,60),(295,'Agua','Fijo',50,21,10.5,20,0,0,61),(296,'Agua','Primer',56,21,11.76,56,0,0,61),(297,'Agua','tramo',0,21,0,0,0,0,61),(298,'Agua','Segundo',0,21,0,0,0,0,61),(299,'Desagüe','Tercer',25,0,0,0,0,0,61),(300,'Alcantarillado','tramo',10.6,0,0,0,0,0,61),(301,'Agua','Fijo',37.5,21,7.875,20,25,12.5,62),(302,'Agua','Primer',0,21,0,0,25,0,62),(303,'Agua','tramo',0,21,0,0,25,0,62),(304,'Agua','Segundo',0,21,0,0,25,0,62),(305,'Desagüe','Tercer',18.75,0,0,0,25,6.25,62),(306,'Alcantarillado','tramo',16.95,0,0,0,25,5.65,62),(307,'Agua','Concepto',20,21,4.2,17,0,0,63),(308,'Desagüe','Desagüe',6,0,0,0,0,0,63),(309,'Alcantarillado','Fijo',30,0,0,0,0,0,63),(310,'Agua','Concepto',98,21,3.15,52,25,46,64),(311,'Desagüe','Desagüe',4.5,0,0,0,25,1.5,64),(312,'Alcantarillado','Fijo',22.5,0,0,0,25,7.5,64),(313,'Agua','Concepto',290,21,4.2,135,0,20,65),(314,'Desagüe','Desagüe',6,0,0,0,0,0,65),(315,'Alcantarillado','Fijo',30,0,0,0,0,0,65),(316,'Agua','Concepto',210.5,21,3.15,127,25,83.5,66),(317,'Desagüe','Desagüe',4.5,0,0,0,25,1.5,66),(318,'Alcantarillado','Fijo',22.5,0,0,0,25,7.5,66),(319,'Agua','Fijo',20,21,4.2,30,0,0,67),(320,'Agua','Primer',4,21,0.84,20,0,0,67),(321,'Agua','tramo',0,21,0,0,0,0,67),(322,'Agua','Segundo',190,21,39.9,95,0,0,67),(323,'Desagüe','Tercer',22.9,0,0,0,0,0,67),(324,'Alcantarillado','tramo',2.29,10,0.229,0,0,0,67),(325,'Agua','Fijo',20,21,4.2,30,0,0,68),(326,'Agua','Primer',4,21,0.84,20,0,0,68),(327,'Agua','tramo',0,21,0,0,0,0,68),(328,'Agua','Segundo',34,21,7.14,17,0,0,68),(329,'Desagüe','Tercer',7.3,0,0,0,0,0,68),(330,'Alcantarillado','tramo',0.73,10,0.073,0,0,0,68),(331,'Agua','Fijo',20,21,4.2,30,0,0,69),(332,'Agua','Primer',4,21,0.84,20,0,0,69),(333,'Agua','tramo',0,21,0,0,0,0,69),(334,'Agua','Segundo',0,21,0,0,0,0,69),(335,'Desagüe','Tercer',2.52,0,0,0,0,0,69),(336,'Alcantarillado','tramo',0.252,10,0.0252,0,0,0,69),(337,'Agua','Fijo',20,21,4.2,30,0,0,70),(338,'Agua','Primer',4,21,0.84,20,0,0,70),(339,'Agua','tramo',0,21,0,0,0,0,70),(340,'Agua','Segundo',0,21,0,0,0,0,70),(341,'Desagüe','Tercer',3.18,0,0,0,0,0,70),(342,'Alcantarillado','tramo',0.31800002,10,0.0318,0,0,0,70),(343,'Agua','Fijo',20,21,4.2,30,0,0,71),(344,'Agua','Primer',4,21,0.84,20,0,0,71),(345,'Agua','tramo',0,21,0,0,0,0,71),(346,'Agua','Segundo',0,21,0,0,0,0,71),(347,'Desagüe','Tercer',2.91,0,0,0,0,0,71),(348,'Alcantarillado','tramo',0.291,10,0.0291,0,0,0,71),(349,'Agua','Fijo',15,21,3.15,30,25,5,72),(350,'Agua','Primer',3,21,0.63,20,25,1,72),(351,'Agua','tramo',0,21,0,0,25,0,72),(352,'Agua','Segundo',15,21,3.1499999,10,25,5,72),(353,'Desagüe','Tercer',4.425,0,0,0,25,1.475,72),(354,'Alcantarillado','tramo',0.4425,10,0.04425,0,25,0.14750004,72),(355,'Agua','Fijo',20,21,4.2,30,0,0,73),(356,'Desagüe','Desagüe',2,0,0,0,0,0,73),(357,'Alcantarillado','Fijo',0.2,10,0.02,0,0,0,73);
/*!40000 ALTER TABLE `lineasrecibo` ENABLE KEYS */;
UNLOCK TABLES;

--
-- Table structure for table `ordenanza`
--

DROP TABLE IF EXISTS `ordenanza`;
/*!40101 SET @saved_cs_client     = @@character_set_client */;
/*!50503 SET character_set_client = utf8mb4 */;
CREATE TABLE `ordenanza` (
  `id` int NOT NULL AUTO_INCREMENT,
  `idOrdenanza` int DEFAULT NULL,
  `concepto` varchar(50) DEFAULT NULL,
  `subconcepto` varchar(50) DEFAULT NULL,
  `descripcion` varchar(50) DEFAULT NULL,
  `acumulable` varchar(50) DEFAULT NULL,
  `precioFijo` int DEFAULT NULL,
  `m3incluidos` int DEFAULT NULL,
  `preciom3` double DEFAULT NULL,
  `porcentaje` double DEFAULT NULL,
  `conceptoRelacionado` int DEFAULT NULL,
  `IVA` double DEFAULT NULL,
  `pueblo` varchar(50) DEFAULT NULL,
  `tipoCalculo` varchar(50) DEFAULT NULL,
  PRIMARY KEY (`id`),
  KEY `idx_idOrdenanza` (`idOrdenanza`)
) ENGINE=InnoDB AUTO_INCREMENT=19 DEFAULT CHARSET=utf8mb4 COLLATE=utf8mb4_0900_ai_ci;
/*!40101 SET character_set_client = @saved_cs_client */;

--
-- Dumping data for table `ordenanza`
--

LOCK TABLES `ordenanza` WRITE;
/*!40000 ALTER TABLE `ordenanza` DISABLE KEYS */;
INSERT INTO `ordenanza` VALUES (1,1,'Agua','Fijo','Minimo de la factura','N',20,30,0,0,0,21,'Astorga','Hogar'),(2,1,'Agua','Primer tramo','Agua primer tramo','N',0,20,0.2,0,0,21,'Astorga','Hogar'),(3,1,'Agua','Segundo tramo','Agua segundo tramo','N',0,50,0.3,0,0,21,'Astorga','Hogar'),(4,1,'Agua','Tercer tramo','Agua tercer tramo','N',0,100,2,0,0,21,'Astorga','Hogar'),(5,1,'Agua','Cuarto tramo','Agua cuarto tramo','N',0,9999,5,0,0,21,'Astorga','Hogar'),(6,2,'Alcantarillado','Fijo','Importe fijo',NULL,0,0,0,10,3,10,'Astorga','Hogar'),(7,3,'Desagüe','Desagüe','Importe Desagüe',NULL,0,0,0,10,1,0,'Astorga','Hogar'),(8,4,'Agua','Fijo','Minimo de la factura','S',50,20,0,0,0,21,'Astorga','Gran empresa'),(9,4,'Agua','Primer tramo','Agua primer tramo','S',0,50,1,0,0,21,'Astorga','Gran empresa'),(10,4,'Agua','Segundo tramo','Agua segundo tramo','S',0,50,2,0,0,21,'Astorga','Gran empresa'),(11,4,'Agua','Tercer tramo','Agua tercer tramo','S',0,100,5,0,0,21,'Astorga','Gran empresa'),(12,4,'Agua','Cuarto tramo','Agua cuarto tramo','S',0,9999,10,0,0,21,'Astorga','Gran empresa'),(13,5,'Desagüe','Fijo','Importe fijo',NULL,25,0,0,0,0,0,'Astorga','Gran empresa'),(14,6,'Agua','Concepto','Todo en una linea','S',20,30,2,0,0,21,'Astorga','PYME'),(15,7,'Desagüe','Desagüe','Importe Desagüe',NULL,0,0,0,10,1,21,'Astorga','Hogar'),(16,9,'Alcantarillado','Fijo','Precio fijo alcantarillado',NULL,30,0,0,0,0,0,'Astorga','PYME'),(17,8,'Desagüe','Desagüe','Importe Desagüe',NULL,0,0,0,20,9,0,'Astorga','PYME'),(18,10,'Alcantarillado','Fijo','Importe alcantarillado',NULL,0,0,0,10,4,0,'Astorga','Gran empresa');
/*!40000 ALTER TABLE `ordenanza` ENABLE KEYS */;
UNLOCK TABLES;

--
-- Table structure for table `recibos`
--

DROP TABLE IF EXISTS `recibos`;
/*!40101 SET @saved_cs_client     = @@character_set_client */;
/*!50503 SET character_set_client = utf8mb4 */;
CREATE TABLE `recibos` (
  `numeroRecibo` int NOT NULL AUTO_INCREMENT,
  `nifContribuyente` varchar(50) DEFAULT NULL,
  `direccionCompleta` varchar(50) DEFAULT NULL,
  `nombre` varchar(50) DEFAULT NULL,
  `apellidos` varchar(50) DEFAULT NULL,
  `fechaRecibo` date DEFAULT NULL,
  `lecturaAnterior` int DEFAULT NULL,
  `lecturaActual` int DEFAULT NULL,
  `consumom3` int DEFAULT NULL,
  `fechaPadron` date DEFAULT NULL,
  `totalBaseImponible` double DEFAULT NULL,
  `totalIVA` double DEFAULT NULL,
  `totalRecibo` double DEFAULT NULL,
  `IBAN` varchar(50) DEFAULT NULL,
  `email` varchar(50) DEFAULT NULL,
  `exencion` varchar(1) DEFAULT NULL,
  `idContribuyente` int DEFAULT NULL,
  PRIMARY KEY (`numeroRecibo`),
  KEY `FK_contribuyente_recibo` (`idContribuyente`),
  CONSTRAINT `FK_contribuyente_recibo` FOREIGN KEY (`idContribuyente`) REFERENCES `contribuyente` (`idContribuyente`)
) ENGINE=InnoDB AUTO_INCREMENT=74 DEFAULT CHARSET=utf8mb4 COLLATE=utf8mb4_0900_ai_ci;
/*!40101 SET character_set_client = @saved_cs_client */;

--
-- Dumping data for table `recibos`
--

LOCK TABLES `recibos` WRITE;
/*!40000 ALTER TABLE `recibos` DISABLE KEYS */;
INSERT INTO `recibos` VALUES (1,'71393419Q','PRADERA (LA) 0004','Rubén Darío','FuertesMontiel','2024-05-25',744,55,NULL,'2023-03-31',28.304998,5.3805,33.685497,'ES8265614874165615445616',NULL,'N',3),(2,'09771193B','PRADERA (LA) 0004','Alencar','LidianeMorala','2024-05-25',652,75,NULL,'2023-03-31',34.965,6.6465,41.6115,'RO8832569523016220165156',NULL,'N',4),(3,'09548283V','MADRID 0011','Alencar','LidianeNuñez','2024-05-25',942,121,NULL,'2023-03-31',67.432495,12.81825,80.25075,'DE7424561937521546497521',NULL,'N',5),(4,'71425232C','CAMINO DE SANTIAGO 0028','Rocío','GilOlle','2024-05-25',989,7,NULL,'2023-03-31',22.2,4.22,26.42,'MC6436520125638451012515',NULL,'N',6),(5,'09671968P','PEÑA UBIÑA 0188','Soledad','DiezOrejas','2024-05-25',355,116,NULL,'2023-03-31',78.81,14.981,93.791,'ES0721584976902154655487',NULL,'N',7),(6,'00538394X','IGLESIA (LA) 0003','Vittorio','DiezOtero','2024-05-25',586,51,NULL,'2023-03-31',20.22975,3.8454752,24.075226,'GR9420125003305201112544',NULL,'N',8),(7,'09548150E','ABAJO 0003','Vittorio','BaglionePardo','2024-05-25',561,137,NULL,'2023-03-31',125.43,23.843,149.273,'ES2821651484690980008984',NULL,'N',9),(8,'09743327K','MONTE (EL) 0043','Adolfo','BlancoPerez','2024-05-25',734,43,NULL,'2023-03-31',25.086,4.7686,29.8546,'FI5620960043043554600000',NULL,'N',10),(9,'09548443Q','MONTE (EL) 0050','Mauro','AparicioPérez','2024-05-25',645,187,NULL,'2023-03-31',177.32251,33.707253,211.02975,'ES7921564975243245467995',NULL,'N',11),(10,'09749147E','MONTE (EL) 0050','Agustín','CastroPresa','2024-05-25',448,0,NULL,'2023-03-31',22.2,4.22,26.42,'LT8032566221522587754554',NULL,'N',12),(11,'09785530L','MONTE (EL) 0050','Luis','BenitoPrieto','2024-05-25',764,179,NULL,'2023-03-31',218.67,41.567,260.237,'EE2023215465315456411515',NULL,'N',13),(12,'09548206D','LEON-SANTANDER 0027','Latifa Epfouad Erre','BoughazaRobles','2024-05-25',328,140,NULL,'2023-03-31',850,157.5,1007.5,'SM2125894363475485700145',NULL,'N',16),(13,'09548416N','REAL 0017','Antonio','GarcíaRodríguez','2024-05-25',996,122,NULL,'2023-03-31',751,138.6,889.6,'AT6825030000114574745458',NULL,'N',18),(14,'10405904Z','LEON-SANTANDER 0027','Dorina','GonzálezRodríguez','2024-05-25',968,153,NULL,'2023-03-31',691.125,128.36249,819.4875,'IT8915953684811254695203',NULL,'N',19),(15,'71393354C','REAL 0017','Clementina','IglesiasSánchez','2024-05-25',337,122,NULL,'2023-03-31',751,138.6,889.6,'DK5800750184310702510000',NULL,'N',21),(16,'09611066X','MILGAS (LAS) 0001','Miguel Ángel','Quintanilla','2024-05-25',25,74,NULL,'2023-03-31',182.1,31.185,213.285,'ES5023455254943263234457',NULL,'N',22),(17,'71404625K','MONTE (EL) 0017','Pedro','Portugues','2024-05-25',27,177,NULL,'2023-03-31',1053.5,196.35,1249.85,'ES3720960043032159000000',NULL,'N',24),(18,'01234567L','REAL 0016','Paulina','Cepin','2024-05-25',799,42,NULL,'2023-03-31',94.65,14.49,109.14,'DE5512669681115112121210',NULL,'N',25),(19,'09724050H','MONTE (EL) 0017','Gerardo','MartinezMolina','2024-05-25',346,88,NULL,'2023-03-31',273.6,47.46,321.06,'ES2956187775315550000651',NULL,'N',27),(20,'09689676Y','PEÑA UBIÑA 0188','Cecilia','GarcíaMontiel','2024-05-25',410,101,NULL,'2023-03-31',226.65,39.69,266.34,'ES0425516848021156151054',NULL,'N',28),(21,'09570285P','IGLESIA (LA) 0007','Genaro','MoncadaMorala','2024-05-25',228,10,NULL,'2023-03-31',80,10.5,90.5,'PT5764578946740051516490',NULL,'N',29),(22,'09570262P','IGLESIA (LA) 0007','Clara','SánchezNuñez','2024-05-25',306,78,NULL,'2023-03-31',251.6,43.26,294.86002,'ES4534698752714600549403',NULL,'N',30),(23,'09548827D','IGLESIA (LA) 0007','Ana Belén','LombásOlle','2024-05-25',361,71,NULL,'2023-03-31',236.2,40.32,276.52,'ES2766649444162310000255',NULL,'N',31),(24,'09548486J','PENILLA 0006','Generoso','MartinMartin','2024-05-25',36,113,NULL,'2023-03-31',328.6,57.96,386.56,'FR5623185484465641685100',NULL,'N',32),(25,'24304263W','MONTE (EL) 0041','Tomás','CedronPérez','2024-05-25',413,13,NULL,'2023-03-31',42,3.15,45.15,'DE5021508149175421346497',NULL,'N',36),(26,'09570258G','VALLEO (EL) 0004','Clotilde','CastroPresa','2024-05-25',721,9,NULL,'2023-03-31',56,4.2,60.2,'DE6721346154503164978451',NULL,'N',37),(27,'09548295Y','MILGAS (LAS) 0001','Cristina','AlonsoPrieto','2024-05-25',809,120,NULL,'2023-03-31',296,54.6,350.6,'ES7225187786311225455548',NULL,'N',38),(28,'10575307E','PINOS (LOS) 0254','Encarnación','LópezRiverto','2024-05-25',518,172,NULL,'2023-03-31',400,76.44,476.44,'ES2396536214865214585214',NULL,'N',40),(29,'71393396Q','NAVAS (LAS) 0000','Sonia','PisabarroRodríguez','2024-05-25',191,154,NULL,'2023-03-31',364,68.88,432.88,'ES5020960043073071400000',NULL,'N',43),(30,'71406027C','RESIDENCIAL LAS FUENTES 0018','Generoso','PisabarroRodríguez','2024-05-25',742,57,NULL,'2023-03-31',170,28.14,198.14,'ES8220960043042158800000',NULL,'N',44),(31,'09548451R','TELENO 0196','Sergio','AlaizSalas','2024-05-25',576,99,NULL,'2023-03-31',254,45.78,299.78,'ES7521654587985156484454',NULL,'N',45),(32,'71597570L','RIO PORMA 0136','Bonifacio','FrescoSánchez','2024-05-25',423,65,NULL,'2023-03-31',186,31.5,217.5,'ES3251651681961210656510',NULL,'N',46),(33,'09769669M','IGLESIA (LA) 0007','Germán','MartínezGarcía','2024-05-25',330,41,NULL,'2023-03-31',103.5,16.065,119.565,'GB9720910936583000000000',NULL,'N',48),(34,'09548317M','GENERAL 0070','Marta','LópezGetino','2024-05-25',890,192,NULL,'2023-03-31',440,84.84,524.83997,'DE9301821135910205540000',NULL,'N',49),(35,'12649208J','VALLE (EL) 0006','Israel','AmoGomara','2024-05-25',732,88,NULL,'2023-03-31',232,41.16,273.16,'DE7822631245526916432102',NULL,'N',50),(36,'09758365V','CONFORCOS 0011','Israel','AmoGonzález','2024-05-25',178,157,NULL,'2023-03-31',277.5,52.605,330.105,'ES2120960043043075700000',NULL,'N',51),(37,'02614035Q','VALLE (EL) 0006','Gabriel','PrietoGonzález','2024-05-25',595,126,NULL,'2023-03-31',308,57.12,365.12,'SM7325635478321002541225',NULL,'N',52),(38,'09570242B','VALLE (EL) 0006','Rubén Darío','GarcíaGracia','2024-05-25',412,184,NULL,'2023-03-31',424,81.48,505.48,'ES6832154697195423121000',NULL,'N',53),(39,'09548501M','LA ERA 0002','Alencar','FrescoGutierrez','2024-05-25',344,44,NULL,'2023-03-31',144,22.68,166.68,'GB5520008521528775113366',NULL,'N',55),(40,'09548290R','CALLEJA (LA) 0001','Adolfo','PuertoMárquez','2024-05-25',982,27,NULL,'2023-03-31',22.2,4.22,26.42,'ES8020960043033000100000',NULL,'N',60),(41,'09626048L','CAMINO DE SANTIAGO 0024','Giovani','MoránMartinez','2024-05-25',768,167,NULL,'2023-03-31',192.03,36.503002,228.533,'GB0836585214290025478551',NULL,'N',61),(42,'24571671N','GENERAL 0001','Agustín','LópezMartínez','2024-05-25',446,82,NULL,'2023-03-31',27.972002,5.3172,33.289204,'ES9012548523465214585214',NULL,'N',62),(43,'09784112G','REAL 0003','Luis','DomingoMelcón','2024-05-25',248,122,NULL,'2023-03-31',92.130005,17.513,109.643005,'ES6931624561042546920007',NULL,'N',63),(44,'09548495E','VALLE (EL) 0002','Armando','Domínguez','2024-05-25',960,92,NULL,'2023-03-31',40.626,7.7226,48.3486,'ES1436154231712500312566',NULL,'N',64),(45,'71404623L','REAL 0016','Latifa','Ramos','2024-05-25',889,28,NULL,'2023-03-31',22.2,4.22,26.42,'ES8244875664127231645789',NULL,'N',65),(46,'X8996448K','CONFORCOS 0003','Antonio','FernandezGarcía','2024-05-25',658,23,NULL,'2023-03-31',22.2,4.22,26.42,'ES1933218885441445121022',NULL,'N',68),(47,'09685088H','MONTE (EL) 0046','Dorina','GarcíaGetino','2024-05-25',983,183,NULL,'2023-03-31',170.6625,32.441254,203.10376,'ES8462581542713690044508',NULL,'N',69),(48,'09545570H','SIN SALIDA 0001','Soledad','OteroGonzález','2024-05-25',274,180,NULL,'2023-03-31',220.89,41.989002,262.879,'ES8020960043033000100000',NULL,'N',71),(49,'71393411P','VALLE (EL) 0002','Vittorio','VaraGonzález','2024-05-25',749,187,NULL,'2023-03-31',236.43001,44.943005,281.37302,'PT3536952365020014425254',NULL,'N',72),(50,'71393352H','SENDA (LA) 0003','Vittorio','MartínesGracia','2024-05-25',943,18,NULL,'2023-03-31',22.2,4.22,26.42,'ES9565168874641561561500',NULL,'N',73),(51,'09632873J','MADRID 0017','Mario','BernalGuerra','2024-05-25',545,109,NULL,'2023-03-31',47.452503,9.020251,56.472755,'ES3220960583831234500000',NULL,'N',74),(52,'71878948S','CONFORCOS 0011','Concepción','BlancoGutierrez','2024-05-25',200,12,NULL,'2023-03-31',22.2,4.22,26.42,'ES7221416325811510005514',NULL,'N',75),(53,'09634700T','CONFORCOS 0007','Serafín','De la fuenteManzanares','2024-05-25',368,121,NULL,'2023-03-31',745.5,137.55,883.05,'ES8163516541828944000984',NULL,'N',79),(54,'12684218V','CONFORCOS 0015','Eulalia','GarcíaMárquez','2024-05-25',692,146,NULL,'2023-03-31',662.25,122.850006,785.1,'ES6223658965274585223202',NULL,'N',80),(55,'09611071S','PEÑA SANTA 0187','Emiliano','AlvarezMartínez','2024-05-25',488,6,NULL,'2023-03-31',80,10.5,90.5,'ES7223652365142254222000',NULL,'N',82),(56,'71404629W','PLAZUELA (LA) 0005','Montserrat','García','2024-05-25',397,123,NULL,'2023-03-31',756.5,139.65,896.15,'ES9232584216971684051000',NULL,'N',84),(57,'09611099C','POZO (EL) 0006','Bernardo','DominguezCabeza','2024-05-25',236,171,NULL,'2023-03-31',1020.5,190.05,1210.55,'LT9321856333126985542360',NULL,'N',87),(58,'09548287K','GENERAL 0043','Nelida','GarcíaCalleja','2024-05-25',68,93,NULL,'2023-03-31',284.6,49.56,334.16,'ES5736245978133245679001',NULL,'N',88),(59,'Y1337652D','GENERAL 0043','Marisa','LabargaCandanedo','2024-05-25',633,40,NULL,'2023-03-31',124,18.9,142.9,'ES7631245164156597845124',NULL,'N',89),(60,'09481741Z','HUERTOS (LOS) 0001','Miguel','LópezCarro','2024-05-25',418,125,NULL,'2023-03-31',767.5,141.75,909.25,'SE6832574512085411002255',NULL,'N',91),(61,'09786363R','FUENTE (LA) 0008','Cruz','FernándezCascallana','2024-05-25',250,56,NULL,'2023-03-31',141.6,22.26,163.86,'ES4420960043013468900000',NULL,'N',92),(62,'X1673150S','VIÑA (LA) 0009','Carmen','GomezCastañeda','2024-05-25',76,88,NULL,'2023-03-31',205.2,35.595,240.795,'ES5631215643855060225021',NULL,'N',93),(63,'X5106131Q','REAL 0097','Mario','HerreroCoello ','2024-05-25',607,17,NULL,'2023-03-31',56,4.2,60.2,'AT8365645150865168448896',NULL,'N',102),(64,'09741995T','ROSALES (LOS) 0028','Concepción','LópezDe la puente','2024-05-25',964,52,NULL,'2023-03-31',120,19.53,139.53,'IT3526551681807651415636',NULL,'N',103),(65,'71609083D','MANZANALES (LOS) 0004','María','FernándezDel amo','2024-05-25',72,135,NULL,'2023-03-31',326,60.9,386.9,'HU2399558741836555551120',NULL,'N',104),(66,'09458455G','REGUERO (EL) 0002','Gabriel','MoncadaMartinez','2024-05-25',188,127,NULL,'2023-03-31',232.5,43.155,275.655,'IE6851556584221251000254',NULL,'N',106),(67,'09611076C','JUAN CARLOS I 0010','Diana','MartínesCenteno','2024-05-25',509,195,NULL,'2023-03-31',254.18999,48.319004,302.509,'LT9362541122421110105611',NULL,'N',128),(68,'Y0806930N','JUAN CARLOS I 0012','Elisa','BernalCerro','2024-05-25',757,117,NULL,'2023-03-31',81.03001,15.403,96.43301,'ES6855065688761051056105',NULL,'N',129),(69,'09714235R','JUAN CARLOS I 0026','Marisa','SutilCharro','2024-05-25',11,54,NULL,'2023-03-31',27.972002,5.3171997,33.2892,'ES9712548521518742146695',NULL,'N',131),(70,'09806572Q','JUAN CARLOS I 0026','Marta','DíezChen','2024-05-25',944,76,NULL,'2023-03-31',0,0,0,'ES9001826530120201560000',NULL,'S',132),(71,'02031127C','COTANO 0008','Miguel','FernándezCoello ','2024-05-25',287,67,NULL,'2023-03-31',32.301003,6.1401,38.4411,'ES9021651651812511133551',NULL,'N',133),(72,'09548215H','ACEBOS (LOS) 0294','Cruz','De la fuenteDe la puente','2024-05-25',728,110,NULL,'2023-03-31',49.1175,9.33675,58.45425,'ES6851651487910005118185',NULL,'N',134),(73,'09548505D','VALDEFRESNO 0007','Hugo','PérezDiez','2024-05-25',174,17,NULL,'2023-03-31',22.2,4.22,26.42,'AT3122515651915640081000',NULL,'N',136);
/*!40000 ALTER TABLE `recibos` ENABLE KEYS */;
UNLOCK TABLES;

--
-- Table structure for table `rel_contribuyente_ordenanza`
--

DROP TABLE IF EXISTS `rel_contribuyente_ordenanza`;
/*!40101 SET @saved_cs_client     = @@character_set_client */;
/*!50503 SET character_set_client = utf8mb4 */;
CREATE TABLE `rel_contribuyente_ordenanza` (
  `id` int NOT NULL AUTO_INCREMENT,
  `idContribuyente` int DEFAULT NULL,
  `idOrdenanza` int DEFAULT NULL,
  PRIMARY KEY (`id`),
  KEY `FK_contribuyente_relacion` (`idContribuyente`),
  KEY `FK_ordenanza_relacion` (`idOrdenanza`),
  CONSTRAINT `FK_contribuyente_relacion` FOREIGN KEY (`idContribuyente`) REFERENCES `contribuyente` (`idContribuyente`),
  CONSTRAINT `FK_ordenanza_relacion` FOREIGN KEY (`idOrdenanza`) REFERENCES `ordenanza` (`id`)
) ENGINE=InnoDB AUTO_INCREMENT=489 DEFAULT CHARSET=utf8mb4 COLLATE=utf8mb4_0900_ai_ci;
/*!40101 SET character_set_client = @saved_cs_client */;

--
-- Dumping data for table `rel_contribuyente_ordenanza`
--

LOCK TABLES `rel_contribuyente_ordenanza` WRITE;
/*!40000 ALTER TABLE `rel_contribuyente_ordenanza` DISABLE KEYS */;
INSERT INTO `rel_contribuyente_ordenanza` VALUES (1,2,1),(2,2,2),(3,2,3),(4,2,4),(5,2,5),(6,3,1),(7,3,2),(8,3,3),(9,3,4),(10,3,5),(11,3,6),(12,3,7),(13,4,1),(14,4,2),(15,4,3),(16,4,4),(17,4,5),(18,4,6),(19,4,7),(20,5,1),(21,5,2),(22,5,3),(23,5,4),(24,5,5),(25,5,6),(26,5,7),(27,6,1),(28,6,2),(29,6,3),(30,6,4),(31,6,5),(32,6,6),(33,6,7),(34,7,1),(35,7,2),(36,7,3),(37,7,4),(38,7,5),(39,7,6),(40,7,7),(41,8,1),(42,8,2),(43,8,3),(44,8,4),(45,8,5),(46,8,6),(47,8,7),(48,9,1),(49,9,2),(50,9,3),(51,9,4),(52,9,5),(53,9,6),(54,9,7),(55,10,1),(56,10,2),(57,10,3),(58,10,4),(59,10,5),(60,10,6),(61,10,7),(62,11,1),(63,11,2),(64,11,3),(65,11,4),(66,11,5),(67,11,6),(68,11,7),(69,12,1),(70,12,2),(71,12,3),(72,12,4),(73,12,5),(74,12,6),(75,12,7),(76,13,1),(77,13,2),(78,13,3),(79,13,4),(80,13,5),(81,13,6),(82,13,7),(83,16,8),(84,16,9),(85,16,10),(86,16,11),(87,16,12),(88,16,13),(89,16,18),(90,17,8),(91,17,9),(92,17,10),(93,17,11),(94,17,12),(95,17,13),(96,17,18),(97,18,8),(98,18,9),(99,18,10),(100,18,11),(101,18,12),(102,18,13),(103,18,18),(104,19,8),(105,19,9),(106,19,10),(107,19,11),(108,19,12),(109,19,13),(110,19,18),(111,21,8),(112,21,9),(113,21,10),(114,21,11),(115,21,12),(116,21,13),(117,21,18),(118,22,8),(119,22,9),(120,22,10),(121,22,11),(122,22,12),(123,22,13),(124,22,18),(125,23,8),(126,23,9),(127,23,10),(128,23,11),(129,23,12),(130,23,13),(131,23,18),(132,24,8),(133,24,9),(134,24,10),(135,24,11),(136,24,12),(137,24,13),(138,24,18),(139,25,8),(140,25,9),(141,25,10),(142,25,11),(143,25,12),(144,25,13),(145,25,18),(146,27,8),(147,27,9),(148,27,10),(149,27,11),(150,27,12),(151,27,13),(152,27,18),(153,28,8),(154,28,9),(155,28,10),(156,28,11),(157,28,12),(158,28,13),(159,28,18),(160,29,8),(161,29,9),(162,29,10),(163,29,11),(164,29,12),(165,29,13),(166,29,18),(167,30,8),(168,30,9),(169,30,10),(170,30,11),(171,30,12),(172,30,13),(173,30,18),(174,31,8),(175,31,9),(176,31,10),(177,31,11),(178,31,12),(179,31,13),(180,31,18),(181,32,8),(182,32,9),(183,32,10),(184,32,11),(185,32,12),(186,32,13),(187,32,18),(188,36,14),(189,36,17),(190,36,16),(191,37,14),(192,37,17),(193,37,16),(194,38,14),(195,38,17),(196,38,16),(197,40,14),(198,40,17),(199,40,16),(200,41,14),(201,41,17),(202,41,16),(203,43,14),(204,43,17),(205,43,16),(206,44,14),(207,44,17),(208,44,16),(209,45,14),(210,45,17),(211,45,16),(212,46,14),(213,46,17),(214,46,16),(215,47,14),(216,47,17),(217,47,16),(218,48,14),(219,48,17),(220,48,16),(221,49,14),(222,49,17),(223,49,16),(224,50,14),(225,50,17),(226,50,16),(227,51,14),(228,51,17),(229,51,16),(230,52,14),(231,52,17),(232,52,16),(233,53,14),(234,53,17),(235,53,16),(236,55,14),(237,55,17),(238,55,16),(239,60,1),(240,60,2),(241,60,3),(242,60,4),(243,60,5),(244,60,6),(245,60,7),(246,61,1),(247,61,2),(248,61,3),(249,61,4),(250,61,5),(251,61,6),(252,61,7),(253,62,1),(254,62,2),(255,62,3),(256,62,4),(257,62,5),(258,62,6),(259,62,7),(260,63,1),(261,63,2),(262,63,3),(263,63,4),(264,63,5),(265,63,6),(266,63,7),(267,64,1),(268,64,2),(269,64,3),(270,64,4),(271,64,5),(272,64,6),(273,64,7),(274,65,1),(275,65,2),(276,65,3),(277,65,4),(278,65,5),(279,65,6),(280,65,7),(281,66,1),(282,66,2),(283,66,3),(284,66,4),(285,66,5),(286,66,6),(287,66,7),(288,68,1),(289,68,2),(290,68,3),(291,68,4),(292,68,5),(293,68,6),(294,68,7),(295,69,1),(296,69,2),(297,69,3),(298,69,4),(299,69,5),(300,69,6),(301,69,7),(302,71,1),(303,71,2),(304,71,3),(305,71,4),(306,71,5),(307,71,6),(308,71,7),(309,72,1),(310,72,2),(311,72,3),(312,72,4),(313,72,5),(314,72,6),(315,72,7),(316,73,1),(317,73,2),(318,73,3),(319,73,4),(320,73,5),(321,73,6),(322,73,7),(323,74,1),(324,74,2),(325,74,3),(326,74,4),(327,74,5),(328,74,6),(329,74,7),(330,75,1),(331,75,2),(332,75,3),(333,75,4),(334,75,5),(335,75,6),(336,75,7),(337,79,8),(338,79,9),(339,79,10),(340,79,11),(341,79,12),(342,79,13),(343,79,18),(344,80,8),(345,80,9),(346,80,10),(347,80,11),(348,80,12),(349,80,13),(350,80,18),(351,81,8),(352,81,9),(353,81,10),(354,81,11),(355,81,12),(356,81,13),(357,81,18),(358,82,8),(359,82,9),(360,82,10),(361,82,11),(362,82,12),(363,82,13),(364,82,18),(365,84,8),(366,84,9),(367,84,10),(368,84,11),(369,84,12),(370,84,13),(371,84,18),(372,86,8),(373,86,9),(374,86,10),(375,86,11),(376,86,12),(377,86,13),(378,86,18),(379,87,8),(380,87,9),(381,87,10),(382,87,11),(383,87,12),(384,87,13),(385,87,18),(386,88,8),(387,88,9),(388,88,10),(389,88,11),(390,88,12),(391,88,13),(392,88,18),(393,89,8),(394,89,9),(395,89,10),(396,89,11),(397,89,12),(398,89,13),(399,89,18),(400,91,8),(401,91,9),(402,91,10),(403,91,11),(404,91,12),(405,91,13),(406,91,18),(407,92,8),(408,92,9),(409,92,10),(410,92,11),(411,92,12),(412,92,13),(413,92,18),(414,93,8),(415,93,9),(416,93,10),(417,93,11),(418,93,12),(419,93,13),(420,93,18),(421,95,8),(422,95,9),(423,95,10),(424,95,11),(425,95,12),(426,95,13),(427,95,18),(428,102,14),(429,102,17),(430,102,16),(431,103,14),(432,103,17),(433,103,16),(434,104,14),(435,104,17),(436,104,16),(437,106,14),(438,106,17),(439,106,16),(440,128,1),(441,128,2),(442,128,3),(443,128,4),(444,128,5),(445,128,6),(446,128,7),(447,129,1),(448,129,2),(449,129,3),(450,129,4),(451,129,5),(452,129,6),(453,129,7),(454,131,1),(455,131,2),(456,131,3),(457,131,4),(458,131,5),(459,131,6),(460,131,7),(461,132,1),(462,132,2),(463,132,3),(464,132,4),(465,132,5),(466,132,6),(467,132,7),(468,133,1),(469,133,2),(470,133,3),(471,133,4),(472,133,5),(473,133,6),(474,133,7),(475,134,1),(476,134,2),(477,134,3),(478,134,4),(479,134,5),(480,134,6),(481,134,7),(482,136,1),(483,136,2),(484,136,3),(485,136,4),(486,136,5),(487,136,6),(488,136,7);
/*!40000 ALTER TABLE `rel_contribuyente_ordenanza` ENABLE KEYS */;
UNLOCK TABLES;
/*!40103 SET TIME_ZONE=@OLD_TIME_ZONE */;

/*!40101 SET SQL_MODE=@OLD_SQL_MODE */;
/*!40014 SET FOREIGN_KEY_CHECKS=@OLD_FOREIGN_KEY_CHECKS */;
/*!40014 SET UNIQUE_CHECKS=@OLD_UNIQUE_CHECKS */;
/*!40101 SET CHARACTER_SET_CLIENT=@OLD_CHARACTER_SET_CLIENT */;
/*!40101 SET CHARACTER_SET_RESULTS=@OLD_CHARACTER_SET_RESULTS */;
/*!40101 SET COLLATION_CONNECTION=@OLD_COLLATION_CONNECTION */;
/*!40111 SET SQL_NOTES=@OLD_SQL_NOTES */;

-- Dump completed on 2024-05-25 13:50:42
